[
  {
    "name": "Yana@12",
    "password": "123",
    "class": "7",
    "file": "",
    "about": "",
    "sex": "male"
  },
  {
    "name": "Yana@123",
    "password": "123",
    "class": "7",
    "file": "",
    "about": "",
    "sex": "male"
  },
  {
    "name": "Yana@121234",
    "password": "123",
    "class": "7",
    "file": "",
    "about": "twerwte",
    "sex": "female"
  },
  {
    "name": "Yana@121234ewere",
    "password": "123",
    "class": "7",
    "file": "",
    "about": "",
    "sex": "male"
  },
  {
    "name": "Yana@121234ewerte",
    "password": "123",
    "class": "7",
    "file": "",
    "about": "\u0443\u043a\u0435\u043d",
    "sex": "female"
  },
  {
    "name": "Yana@xn--121234ewerte-yek",
    "password": "123",
    "class": "7",
    "file": "",
    "about": "",
    "sex": "male"
  },
  {
    "name": "Yana@xn--121234ewerte-yeks",
    "password": "123",
    "class": "7",
    "file": "",
    "about": "",
    "sex": "male"
  },
  {
    "name": "Yana@xn--121234ewerte-yekse",
    "password": "123",
    "class": "7",
    "file": "",
    "about": "",
    "sex": "male"
  },
  {
    "name": "Yana@xn--121234ewerte-yekseer",
    "password": "123",
    "class": "7",
    "file": "",
    "about": "fr",
    "sex": "male"
  },
  {
    "name": "Yana@xn--121234ewerte-yekseerg",
    "password": "123",
    "class": "7",
    "file": "",
    "about": "dggggggggggggg",
    "sex": "male"
  }
]